open,high,low,close,range,m.open,m.high,m.low,m.close,m.range,tal
1.07395,1.07415,1.07385,1.0741,0.0003,0.00015,5e-05,5e-05,0.00015,0.0,13
1.07395,1.07415,1.07385,1.0741,0.0003,0.00015,5e-05,5e-05,0.00015,0.0,13
1.0742,1.07425,1.074,1.07405,0.00025,-5e-05,-5e-05,-0.00015,-0.00015,0.0001,13
1.07455,1.0751,1.0745,1.07495,0.0006,0.0001,0.00025,5e-05,0.0004,0.0002,13
1.07495,1.07535,1.07495,1.07515,0.0004,0.0004,0.00025,0.00045,0.0002,-0.0002,13
1.0753,1.0753,1.0747,1.07495,0.0006,0.00015,-0.0001,-0.00045,-0.00035,0.00035,13
1.07565,1.07725,1.07565,1.07695,0.0016,0.0003,0.00155,0.0006,0.0013,0.00095,13
1.0778,1.07795,1.0773,1.0777,0.00065,0.00085,0.0001,0.0005,-0.0001,-0.0004,13
1.0777,1.07845,1.0776,1.078,0.00085,-0.0001,0.0005,0.0003,0.0003,0.0002,13
1.07855,1.07875,1.07785,1.0782,0.0009,-0.0001,0.0,0.0001,-0.00035,-0.0001,13
1.0782,1.0784,1.07785,1.078,0.00055,-0.00035,-0.00035,0.0,-0.0002,-0.00035,13
1.07735,1.07735,1.07665,1.0768,0.0007,5e-05,-0.0002,-0.00045,-0.00055,0.00025,13
1.0767,1.07675,1.07615,1.0763,0.0006,-0.0001,-0.0005,-0.00045,-0.0004,-5e-05,13
1.07685,1.07715,1.0764,1.07645,0.00075,0.00055,0.0,0.00015,-0.0004,-0.00015,13
1.07645,1.07655,1.07605,1.0764,0.0005,-0.0004,-0.0006,-0.00035,-5e-05,-0.00025,13
1.0764,1.0769,1.0764,1.0766,0.0005,-5e-05,0.00035,0.00035,0.0002,0.0,13
1.0766,1.0769,1.07645,1.0768,0.00045,0.0002,0.0,5e-05,0.0002,-5e-05,13
1.0766,1.0769,1.07645,1.0768,0.00045,0.0002,0.0,5e-05,0.0002,-5e-05,13
1.07585,1.076,1.075,1.0751,0.001,0.00055,-0.0002,-0.00025,-0.00075,5e-05,13
1.0751,1.07565,1.07505,1.07545,0.0006,-0.00075,-0.00035,5e-05,0.00035,-0.0004,13
1.07545,1.07555,1.0745,1.07475,0.00105,0.00035,-0.0001,-0.00055,-0.0007,0.00045,13
1.07475,1.07565,1.07445,1.07555,0.0012,-0.0007,0.0001,-5e-05,0.0008,0.00015,13
1.07535,1.0754,1.0745,1.0746,0.0009,-0.0001,-0.0001,-0.0004,-0.00075,0.0003,13
1.07445,1.07495,1.0744,1.0749,0.00055,-0.00035,0.0001,0.0,0.00045,0.0001,13
1.07445,1.07495,1.0744,1.0749,0.00055,-0.00035,0.0001,0.0,0.00045,0.0001,13
1.0749,1.0752,1.0747,1.07485,0.0005,0.00045,0.00025,0.0003,-5e-05,-5e-05,13
1.07505,1.0752,1.07455,1.0747,0.00065,0.0002,5e-05,-0.0001,-0.00035,0.00015,13
1.07485,1.07545,1.07485,1.07535,0.0006,0.00015,0.00055,0.00035,0.0005,0.0002,13
1.07535,1.0756,1.0752,1.07545,0.0004,0.0005,0.00015,0.00035,0.0001,-0.0002,13
1.07545,1.0756,1.07505,1.0751,0.00055,0.0001,0.0,-0.00015,-0.00035,0.00015,13
1.07825,1.0783,1.0781,1.0782,0.0002,0.00045,5e-05,0.0003,-5e-05,-0.00025,29
1.0782,1.07895,1.07815,1.0789,0.0008,-5e-05,0.00065,5e-05,0.0007,0.0006,29
1.0789,1.07945,1.07885,1.0794,0.0006,0.0007,0.0005,0.0007,0.0005,-0.0002,29
1.0794,1.07965,1.0792,1.0795,0.00045,0.0005,0.0002,0.00035,0.0001,-0.00015,29
1.07945,1.07975,1.07915,1.0794,0.0006,0.00115,0.0002,0.001,-5e-05,-0.0008,29
1.0795,1.07955,1.07915,1.07925,0.0004,0.0001,-0.00025,-0.00015,-0.00025,-0.0001,29
1.0795,1.07955,1.07915,1.07925,0.0004,0.0001,-0.00025,-0.00015,-0.00025,-0.0001,29
1.07965,1.08075,1.0796,1.08005,0.00115,0.0002,0.00035,0.00035,0.0004,0.0,29
1.08005,1.08035,1.07965,1.07995,0.0007,0.0004,-0.0004,5e-05,-0.0001,-0.00045,29
1.08005,1.08035,1.07965,1.07995,0.0007,0.0004,-0.0004,5e-05,-0.0001,-0.00045,29
1.08035,1.08085,1.0801,1.08075,0.00075,0.00015,0.0004,0.0002,0.0004,0.0002,29
1.08075,1.08105,1.0801,1.08075,0.00095,0.0004,0.0002,0.0,0.0,0.0002,29
1.0802,1.081,1.08005,1.0806,0.00095,-0.0002,0.00025,-0.0001,0.0004,0.00035,29
1.0795,1.07955,1.0792,1.07945,0.00035,-0.00015,-0.00025,-0.00025,-5e-05,-0.0,29
1.08145,1.0818,1.0807,1.0814,0.0011,0.002,-0.00055,0.0023,-5e-05,-0.00285,29
1.0814,1.0818,1.08005,1.0801,0.00175,-5e-05,0.0,-0.00065,-0.0013,0.00065,29
1.0814,1.0818,1.08005,1.0801,0.00175,-5e-05,0.0,-0.00065,-0.0013,0.00065,29
1.08035,1.08155,1.07975,1.07985,0.0018,0.00025,0.00095,0.00055,-0.0005,0.0004,29
1.0794,1.07945,1.07785,1.0782,0.0016,-0.00045,-0.0005,-0.00145,-0.0012,0.00095,29
1.0782,1.07975,1.0781,1.07945,0.00165,-0.0012,0.0003,0.00025,0.00125,5e-05,29
1.07995,1.0808,1.0798,1.0802,0.001,0.0005,0.00085,0.00075,0.00025,0.0001,29
1.0802,1.0809,1.07985,1.08065,0.00105,0.00025,0.0001,5e-05,0.00045,5e-05,29
1.0796,1.07985,1.0795,1.07965,0.00035,0.00045,0.0001,0.0005,5e-05,-0.0004,29
1.07965,1.08005,1.07955,1.0796,0.0005,5e-05,0.0002,5e-05,-5e-05,0.00015,29
1.0796,1.0804,1.07955,1.08025,0.00085,-5e-05,0.00035,0.0,0.00065,0.00035,29
1.07865,1.0787,1.07845,1.0787,0.00025,-0.00035,-0.00035,-0.0001,5e-05,-0.00025,39
1.0787,1.079,1.0787,1.0789,0.0003,5e-05,0.0003,0.00025,0.0002,5e-05,39
1.0789,1.0792,1.0789,1.07895,0.0003,0.0002,0.0002,0.0002,5e-05,-0.0,39
1.07855,1.07875,1.0774,1.07765,0.00135,0.00035,0.0002,-0.0005,-0.0009,0.0007,39
1.07765,1.0784,1.07765,1.07815,0.00075,-0.0009,-0.00035,0.00025,0.0005,-0.0006,39
1.07815,1.0786,1.07805,1.07855,0.00055,0.0005,0.0002,0.0004,0.0004,-0.0002,39
1.07815,1.0786,1.07805,1.07855,0.00055,0.0005,0.0002,0.0004,0.0004,-0.0002,39
1.07855,1.07878,1.0784,1.07865,0.00038,0.0004,0.00018,0.00035,0.0001,-0.00017,39
1.07855,1.0791,1.07855,1.079,0.00055,-0.0001,0.00035,0.0001,0.00045,0.00025,39
1.0794,1.0797,1.07915,1.0792,0.00055,0.0004,0.0002,0.0006,-0.0002,-0.0004,39
1.0792,1.0793,1.0789,1.07895,0.0004,-0.0002,-0.0004,-0.00025,-0.00025,-0.00015,39
1.07965,1.08,1.0795,1.07995,0.0005,0.00065,0.0003,0.0006,0.0003,-0.0003,39
1.07995,1.0805,1.0799,1.0802,0.0006,0.0003,0.0005,0.0004,0.00025,0.0001,39
1.08035,1.081,1.0803,1.0805,0.0007,0.00055,0.00055,0.0006,0.00015,-5e-05,39
1.0805,1.08065,1.08035,1.08045,0.0003,0.00015,-0.00035,5e-05,-5e-05,-0.0004,39
1.0807,1.08075,1.08035,1.08065,0.0004,0.0002,-0.00015,5e-05,-5e-05,-0.0002,39
1.08065,1.081,1.0806,1.08065,0.0004,-5e-05,0.00025,0.00025,0.0,0.0,39
1.08065,1.081,1.0806,1.08065,0.0004,-5e-05,0.00025,0.00025,0.0,0.0,39
1.08065,1.08075,1.0805,1.0807,0.00025,0.0,-0.00025,-0.0001,5e-05,-0.00015,39
1.0805,1.08075,1.08025,1.08035,0.0005,-5e-05,5e-05,5e-05,-0.00015,0.0,39
1.08035,1.0813,1.08035,1.0813,0.00095,-0.00015,0.00055,0.0001,0.00095,0.00045,39
1.0813,1.082,1.0812,1.0818,0.0008,0.00095,0.0007,0.00085,0.0005,-0.00015,39
1.0818,1.0829,1.08155,1.0828,0.00135,0.0005,0.0009,0.00035,0.001,0.00055,39
1.08515,1.08565,1.085,1.0856,0.00065,0.0004,0.00025,0.00035,0.00045,-0.0001,39
1.08505,1.08575,1.08485,1.0857,0.0009,0.0001,0.0004,-5e-05,0.00065,0.00045,39
1.0857,1.08585,1.0854,1.0858,0.00045,0.00065,0.0001,0.00055,0.0001,-0.00045,39
1.0858,1.08595,1.08555,1.0859,0.0004,0.0001,0.0001,0.00015,0.0001,-5e-05,39
1.0858,1.08595,1.08555,1.0859,0.0004,0.0001,0.0001,0.00015,0.0001,-5e-05,39
1.0859,1.08625,1.08585,1.0862,0.0004,0.0001,0.0003,0.0003,0.0003,0.0,39
1.08135,1.08135,1.081,1.0812,0.00035,-5e-05,-5e-05,-0.0001,-0.00015,5e-05,40
1.0812,1.08145,1.0812,1.08125,0.00025,-0.00015,0.0001,0.0002,5e-05,-0.0001,40
1.0812,1.08145,1.0812,1.08125,0.00025,-0.00015,0.0001,0.0002,5e-05,-0.0001,40
1.08125,1.0815,1.08125,1.08135,0.00025,5e-05,5e-05,5e-05,0.0001,0.0,40
1.08125,1.0815,1.08125,1.08135,0.00025,5e-05,5e-05,5e-05,0.0001,0.0,40
1.08075,1.08155,1.08075,1.08145,0.0008,-0.0004,0.0004,0.00015,0.0007,0.00025,40
1.08145,1.08205,1.08145,1.0819,0.0006,0.0007,0.0005,0.0007,0.00045,-0.0002,40
1.0819,1.08235,1.08185,1.08185,0.0005,0.00045,0.0003,0.0004,-5e-05,-0.0001,40
1.08105,1.08135,1.0806,1.08085,0.00075,0.0001,0.00025,0.0002,-0.0002,5e-05,40
1.08105,1.08135,1.0806,1.08085,0.00075,0.0001,0.00025,0.0002,-0.0002,5e-05,40
1.08085,1.0814,1.08085,1.0813,0.00055,-0.0002,5e-05,0.00025,0.00045,-0.0002,40
1.0813,1.0819,1.08115,1.0818,0.00075,0.00045,0.0005,0.0003,0.0005,0.0002,40
1.0818,1.0829,1.08175,1.0827,0.00115,0.0005,0.001,0.0006,0.0009,0.0004,40
1.08345,1.08375,1.08315,1.0833,0.0006,0.00085,0.00015,0.00055,-0.00015,-0.0004,40
1.0833,1.08425,1.08315,1.0842,0.0011,-0.00015,0.0005,0.0,0.0009,0.0005,40
1.084,1.08415,1.08345,1.08395,0.0007,-0.00075,-0.00075,-0.0005,-5e-05,-0.00025,40
1.08395,1.0845,1.08385,1.08415,0.00065,-5e-05,0.00035,0.0004,0.0002,-5e-05,40
1.08395,1.0845,1.08385,1.08415,0.00065,-5e-05,0.00035,0.0004,0.0002,-5e-05,40
1.08415,1.08455,1.0841,1.08425,0.00045,0.0002,5e-05,0.00025,0.0001,-0.0002,40
1.0834,1.0834,1.0825,1.08255,0.0009,-5e-05,-0.00015,-0.0007,-0.00085,0.00055,40
1.08255,1.0829,1.0818,1.0818,0.0011,-0.00085,-0.0005,-0.0007,-0.00075,0.0002,40
1.0818,1.0832,1.08145,1.0831,0.00175,-0.00075,0.0003,-0.00035,0.0013,0.00065,40
1.0831,1.0852,1.08275,1.08495,0.00245,0.0013,0.002,0.0013,0.00185,0.0007,40
1.08495,1.0879,1.0843,1.08775,0.0036,0.00185,0.0027,0.00155,0.0028,0.00115,40
1.08865,1.08925,1.08765,1.0891,0.0016,0.0012,-0.00015,0.00025,0.00045,-0.0004,40
1.08995,1.0912,1.0899,1.09045,0.0013,0.00085,0.0011,0.00105,0.0005,5e-05,40
1.09195,1.09285,1.0917,1.0928,0.00115,0.0009,0.0008,0.0007,0.00085,0.0001,40
1.0928,1.09345,1.09265,1.09345,0.0008,0.00085,0.0006,0.00095,0.00065,-0.00035,40
1.09395,1.0945,1.0939,1.0943,0.0006,0.00065,0.0005,0.0007,0.00035,-0.0002,40
1.0943,1.0944,1.0938,1.09405,0.0006,0.00035,-0.0001,-0.0001,-0.00025,0.0,40
1.0942,1.0945,1.0942,1.09445,0.0003,-0.0002,-5e-05,0.00025,0.00025,-0.0003,40
1.09445,1.09465,1.09435,1.09465,0.0003,0.00025,0.00015,0.00015,0.0002,0.0,40
1.09445,1.09465,1.09435,1.09465,0.0003,0.00025,0.00015,0.00015,0.0002,0.0,40
1.0944,1.0946,1.09425,1.0945,0.00035,0.0001,-5e-05,5e-05,0.0001,-0.0001,40
1.0944,1.0946,1.09425,1.0945,0.00035,0.0001,-5e-05,5e-05,0.0001,-0.0001,40
1.0942,1.0942,1.0938,1.0938,0.0004,0.0,-5e-05,-0.00025,-0.0004,0.0002,5
1.0938,1.09415,1.09365,1.0941,0.0005,-0.0004,-5e-05,-0.00015,0.0003,0.0001,5
1.0941,1.09425,1.09405,1.09425,0.0002,0.0003,0.0001,0.0004,0.00015,-0.0003,5
1.09425,1.0943,1.0941,1.09415,0.0002,0.00015,5e-05,5e-05,-0.0001,0.0,5
1.09415,1.09425,1.09385,1.0939,0.0004,-0.0001,-5e-05,-0.00025,-0.00025,0.0002,5
1.0941,1.09435,1.09395,1.09435,0.0004,0.0002,5e-05,0.0001,0.00025,-5e-05,5
1.09475,1.0958,1.0947,1.09565,0.0011,0.0008,0.00095,0.00075,0.0009,0.0002,5
1.09565,1.09625,1.0947,1.0949,0.00155,0.0009,0.00045,0.0,-0.00075,0.00045,5
1.0949,1.09535,1.0946,1.09475,0.00075,-0.00075,-0.0009,-0.0001,-0.00015,-0.0008,5
1.0949,1.09535,1.0946,1.09475,0.00075,-0.00075,-0.0009,-0.0001,-0.00015,-0.0008,5
1.09475,1.09525,1.0944,1.0945,0.00085,-0.00015,-0.0001,-0.0002,-0.00025,0.0001,5
1.0945,1.0946,1.0934,1.0941,0.0012,-0.00025,-0.00065,-0.001,-0.0004,0.00035,5
1.094,1.09445,1.09365,1.09425,0.0008,-0.0001,-0.00025,-0.00025,0.00025,0.0,5
1.09505,1.09515,1.09425,1.09425,0.0009,0.0004,-0.0002,-0.0003,-0.0008,0.0001,5
1.09425,1.0947,1.09395,1.09465,0.00075,-0.0008,-0.00045,-0.0003,0.0004,-0.00015,5
1.09465,1.09485,1.09445,1.0948,0.0004,0.0004,0.00015,0.0005,0.00015,-0.00035,5
1.0948,1.09495,1.09455,1.09495,0.0004,0.00015,0.0001,0.0001,0.00015,0.0,5
1.09485,1.09495,1.09445,1.09445,0.0005,0.0004,-5e-05,0.00015,-0.0004,-0.0002,5
1.09575,1.0961,1.09555,1.0958,0.00055,-5e-05,0.0003,0.0005,5e-05,-0.0002,5
1.0958,1.0966,1.0958,1.09605,0.0008,5e-05,0.0005,0.00025,0.00025,0.00025,5
1.09605,1.09685,1.09595,1.0967,0.0009,0.00025,0.00025,0.00015,0.00065,0.0001,5
1.0967,1.0971,1.09635,1.0965,0.00075,0.00065,0.00025,0.0004,-0.0002,-0.00015,5
1.0967,1.0971,1.09635,1.0965,0.00075,0.00065,0.00025,0.0004,-0.0002,-0.00015,5
1.0965,1.0967,1.09525,1.09535,0.00145,-0.0002,-0.0004,-0.0011,-0.00115,0.0007,5
1.09445,1.0956,1.0944,1.09535,0.0012,-0.00065,0.0002,0.00015,0.0009,5e-05,5
1.0933,1.09335,1.09175,1.09255,0.0016,-0.0003,-0.0006,-0.0015,-0.00075,0.0009,5
1.09255,1.0931,1.0923,1.09295,0.0008,-0.00075,-0.00025,0.00055,0.0004,-0.0008,5
1.09295,1.0932,1.09235,1.09285,0.00085,0.0004,0.0001,5e-05,-0.0001,5e-05,5
1.0924,1.0925,1.09215,1.0924,0.00035,-0.00045,-0.0006,-0.0002,0.0,-0.0004,5
1.0924,1.0928,1.0924,1.0926,0.0004,0.0,0.0003,0.00025,0.0002,5e-05,5
1.0926,1.09295,1.0926,1.0929,0.00035,0.0002,0.00015,0.0002,0.0003,-5e-05,5
1.0929,1.09325,1.09275,1.0932,0.0005,0.0003,0.0003,0.00015,0.0003,0.00015,5
1.0932,1.0934,1.093,1.0934,0.0004,0.0003,0.00015,0.00025,0.0002,-0.0001,5
1.0934,1.0935,1.0932,1.09345,0.0003,0.0002,0.0001,0.0002,5e-05,-0.0001,5
1.09345,1.09395,1.09335,1.0938,0.0006,5e-05,0.00045,0.00015,0.00035,0.0003,5
1.0938,1.0939,1.09355,1.0936,0.00035,0.00035,-5e-05,0.0002,-0.0002,-0.00025,5
1.0936,1.094,1.09355,1.09395,0.00045,-0.0002,0.0001,0.0,0.00035,0.0001,5
1.09395,1.09415,1.09385,1.09415,0.0003,0.00035,0.00015,0.0003,0.0002,-0.00015,5
1.09395,1.09415,1.09385,1.09415,0.0003,0.00035,0.00015,0.0003,0.0002,-0.00015,5
1.09415,1.09425,1.094,1.0941,0.00025,0.0002,0.0001,0.00015,-5e-05,-5e-05,5
1.0937,1.0938,1.09345,1.0937,0.00035,0.0001,0.0,-0.0001,0.0,0.0001,18
1.0937,1.0937,1.09345,1.09355,0.00025,0.0,-0.0001,0.0,-0.00015,-0.0001,18
1.0935,1.09355,1.0932,1.0935,0.00035,0.0002,5e-05,-5e-05,0.0,0.0001,18
1.0935,1.0937,1.09345,1.09365,0.00025,0.0,0.00015,0.00025,0.00015,-0.0001,18
1.09365,1.09405,1.0936,1.09405,0.00045,0.00015,0.00035,0.00015,0.0004,0.0002,18
1.09405,1.09415,1.09365,1.09405,0.0005,0.0004,0.0001,5e-05,0.0,5e-05,18
1.09405,1.09405,1.0933,1.09355,0.00075,0.0,-0.0001,-0.00035,-0.0005,0.00025,18
1.093,1.09315,1.09265,1.0928,0.0005,5e-05,-5e-05,5e-05,-0.0002,-0.0001,18
1.0932,1.0932,1.09255,1.09295,0.00065,0.0004,-0.00055,5e-05,-0.00025,-0.0006,18
1.09295,1.0936,1.0929,1.09335,0.0007,-0.00025,0.0004,0.00035,0.0004,5e-05,18
1.09295,1.0936,1.0929,1.09335,0.0007,-0.00025,0.0004,0.00035,0.0004,5e-05,18
1.09335,1.0939,1.09315,1.0937,0.00075,0.0004,0.0003,0.00025,0.00035,5e-05,18
1.09335,1.0939,1.09315,1.0937,0.00075,0.0004,0.0003,0.00025,0.00035,5e-05,18
1.0937,1.09375,1.0927,1.0933,0.00105,0.00035,-0.00015,-0.00045,-0.0004,0.0003,18
1.09165,1.0917,1.09125,1.0916,0.00045,0.00055,5e-05,0.00055,-5e-05,-0.0005,18
1.0916,1.09185,1.0915,1.0918,0.00035,-5e-05,0.00015,0.00025,0.0002,-0.0001,18
1.0918,1.092,1.0915,1.09195,0.0005,0.0002,0.00015,0.0,0.00015,0.00015,18
1.09195,1.09215,1.0917,1.09205,0.00045,0.00015,0.00015,0.0002,0.0001,-5e-05,18
1.0921,1.0926,1.09205,1.0924,0.00055,5e-05,0.0004,0.00025,0.0003,0.00015,18
1.09215,1.0925,1.09195,1.0925,0.00055,-0.00025,-0.00025,-5e-05,0.00035,-0.0002,18
1.09185,1.09195,1.0913,1.0913,0.00065,-0.00035,-0.00035,-0.0004,-0.00055,5e-05,18
1.09195,1.09225,1.09175,1.09195,0.0005,0.00065,0.00025,0.0005,0.0,-0.00025,18
1.09195,1.09265,1.0917,1.0923,0.00095,0.0,0.0004,-5e-05,0.00035,0.00045,18
1.0923,1.09265,1.0922,1.09245,0.00045,0.00035,0.0,0.0005,0.00015,-0.0005,18
1.09245,1.0929,1.09245,1.09275,0.00045,0.00015,0.00025,0.00025,0.0003,-0.0,18
1.09245,1.0929,1.09245,1.09275,0.00045,0.00015,0.00025,0.00025,0.0003,-0.0,18
1.09275,1.09285,1.0924,1.09255,0.00045,0.0003,-5e-05,-5e-05,-0.0002,0.0,18
1.09275,1.09285,1.0924,1.09255,0.00045,0.0003,-5e-05,-5e-05,-0.0002,0.0,18
1.09255,1.0927,1.09215,1.0922,0.00055,-0.0002,-0.00015,-0.00025,-0.00035,0.0001,18
1.0919,1.0919,1.0916,1.0916,0.0003,-0.00025,-0.00025,-5e-05,-0.0003,-0.0002,18
1.0916,1.09175,1.0916,1.0917,0.00015,-0.0003,-0.00015,0.0,0.0001,-0.00015,18
1.0917,1.09185,1.0917,1.0918,0.00015,0.0001,0.0001,0.0001,0.0001,0.0,18
1.0918,1.09195,1.0918,1.0919,0.00015,0.0001,0.0001,0.0001,0.0001,0.0,18
1.0919,1.0919,1.09175,1.09175,0.00015,0.0001,-5e-05,-5e-05,-0.00015,0.0,18
1.09195,1.092,1.0918,1.09185,0.0002,0.0002,-0.0001,5e-05,-0.0001,-0.00015,18
1.0923,1.0923,1.0919,1.092,0.0004,0.0002,-5e-05,-5e-05,-0.0003,0.0,29
1.092,1.09205,1.0917,1.0917,0.00035,-0.0003,-0.00025,-0.0002,-0.0003,-5e-05,29
1.0919,1.0919,1.0915,1.0915,0.0004,0.0002,-5e-05,-0.0001,-0.0004,5e-05,29
1.0914,1.09165,1.0913,1.09155,0.00035,-0.0001,5e-05,0.0,0.00015,5e-05,29
1.0914,1.09165,1.0913,1.09155,0.00035,-0.0001,5e-05,0.0,0.00015,5e-05,29
1.09155,1.09175,1.0912,1.09175,0.00055,0.00015,0.0001,-0.0001,0.0002,0.0002,29
1.09175,1.09225,1.09165,1.09205,0.0006,0.0002,0.0005,0.00045,0.0003,5e-05,29
1.0928,1.0935,1.09255,1.09335,0.00095,0.00065,0.00055,0.00105,0.00055,-0.0005,29
1.09335,1.0946,1.09325,1.09395,0.00135,0.00055,0.0011,0.0007,0.0006,0.0004,29
1.09405,1.09405,1.09325,1.0939,0.0008,0.00015,-0.0001,-0.0004,-0.00015,0.0003,29
1.0938,1.094,1.09325,1.09325,0.00075,-0.0001,-5e-05,5e-05,-0.00055,-0.0001,29
1.09265,1.0928,1.0923,1.09255,0.0005,-0.00035,-0.0005,-0.00025,-0.0001,-0.00025,29
1.09255,1.0933,1.0925,1.09305,0.0008,-0.0001,0.0005,0.0002,0.0005,0.0003,29
1.09305,1.0934,1.0929,1.09305,0.0005,0.0005,0.0001,0.0004,0.0,-0.0003,29
1.0927,1.09305,1.09255,1.0927,0.0005,-0.00015,-0.0002,-0.00015,0.0,-5e-05,29
1.0927,1.0931,1.0922,1.09295,0.0009,0.0,5e-05,-0.00035,0.00025,0.0004,29
1.0929,1.09345,1.09285,1.09345,0.0006,-5e-05,0.00035,0.0005,0.00055,-0.00015,29
1.09195,1.09205,1.09065,1.0908,0.0014,0.0001,-5e-05,-0.00055,-0.00115,0.0005,29
1.09195,1.09205,1.09065,1.0908,0.0014,0.0001,-5e-05,-0.00055,-0.00115,0.0005,29
1.0908,1.0914,1.09065,1.0914,0.00075,-0.00115,-0.00065,0.0,0.0006,-0.00065,29
1.0914,1.09245,1.0911,1.09135,0.00135,0.0006,0.00105,0.00045,-5e-05,0.0006,29
1.09165,1.0921,1.0913,1.09185,0.0008,0.0003,0.0002,0.00015,0.0002,5e-05,29
1.0899,1.0903,1.0892,1.09015,0.0011,-0.0003,-0.00025,-0.00045,0.00025,0.0002,29
1.0899,1.0903,1.0892,1.09015,0.0011,-0.0003,-0.00025,-0.00045,0.00025,0.0002,29
1.09015,1.091,1.09005,1.09085,0.00095,0.00025,0.0007,0.00085,0.0007,-0.00015,29
1.0902,1.0908,1.0902,1.0908,0.0006,0.0002,0.00055,0.00065,0.0006,-0.0001,29
1.0908,1.09135,1.0908,1.0913,0.00055,0.0006,0.00055,0.0006,0.0005,-5e-05,29
1.0914,1.0916,1.09125,1.09155,0.00035,-0.0002,-0.0001,-5e-05,0.00015,-5e-05,29
1.0914,1.0916,1.09125,1.09155,0.00035,-0.0002,-0.0001,-5e-05,0.00015,-5e-05,29
1.09155,1.09165,1.09115,1.0912,0.0005,0.00015,5e-05,-0.0001,-0.00035,0.00015,29
1.09145,1.0916,1.09145,1.0915,0.00015,5e-05,5e-05,0.00015,5e-05,-0.0001,10
1.0915,1.0916,1.0914,1.0915,0.0002,5e-05,0.0,-5e-05,0.0,5e-05,10
1.0915,1.0919,1.09145,1.09185,0.00045,0.0,0.0003,5e-05,0.00035,0.00025,10
1.09145,1.09145,1.0911,1.0911,0.00035,-0.00015,-0.00025,-0.0002,-0.00035,-5e-05,10
1.091,1.0912,1.09075,1.091,0.00045,-0.0004,-0.0005,-0.0001,0.0,-0.0004,10
1.091,1.0916,1.0909,1.09135,0.0007,0.0,0.0004,0.00015,0.00035,0.00025,10
1.09135,1.0916,1.09115,1.0916,0.00045,0.00035,0.0,0.00025,0.00025,-0.00025,10
1.0916,1.09195,1.09145,1.09195,0.0005,0.00025,0.00035,0.0003,0.00035,5e-05,10
1.09195,1.092,1.0913,1.0913,0.0007,0.00035,5e-05,-0.00015,-0.00065,0.0002,10
1.0913,1.0924,1.09095,1.0923,0.00145,-0.00065,0.0004,-0.00035,0.001,0.00075,10
1.0923,1.093,1.0923,1.09275,0.0007,0.001,0.0006,0.00135,0.00045,-0.00075,10
1.09185,1.0928,1.09185,1.09275,0.00095,-0.00065,5e-05,0.00015,0.0009,-0.0001,10
1.09165,1.0921,1.09135,1.092,0.00075,-0.00075,-0.00035,-0.0003,0.00035,-5e-05,10
1.09225,1.0926,1.09185,1.09195,0.00075,0.00025,0.0001,-0.00015,-0.0003,0.00025,10
1.09195,1.0922,1.0917,1.09185,0.0005,-0.0003,-0.0004,-0.00015,-0.0001,-0.00025,10
1.09195,1.0922,1.0917,1.09185,0.0005,-0.0003,-0.0004,-0.00015,-0.0001,-0.00025,10
1.09185,1.09215,1.09165,1.0917,0.0005,-0.0001,-5e-05,-5e-05,-0.00015,0.0,10
1.0917,1.0921,1.0917,1.09185,0.0004,-0.00015,-5e-05,5e-05,0.00015,-0.0001,10
1.09205,1.0927,1.09175,1.09245,0.00095,0.0002,0.0005,-5e-05,0.0004,0.00055,10
1.09205,1.0927,1.09175,1.09245,0.00095,0.0002,0.0005,-5e-05,0.0004,0.00055,10
1.09245,1.0925,1.0919,1.09195,0.0006,0.0004,-0.0002,0.00015,-0.0005,-0.00035,10
1.09255,1.09255,1.09155,1.0919,0.001,0.00105,-5e-05,0.0001,-0.00065,-0.00015,10
1.0919,1.0924,1.09175,1.09205,0.00065,-0.00065,-0.00015,0.0002,0.00015,-0.00035,10
1.09205,1.09205,1.0912,1.0914,0.00085,0.00015,-0.00035,-0.00055,-0.00065,0.0002,10
1.0914,1.0931,1.09105,1.0927,0.00205,-0.00065,0.00105,-0.00015,0.0013,0.0012,10
1.09285,1.0945,1.0928,1.0945,0.0017,0.00015,0.0015,0.0005,0.00165,0.001,10
1.0945,1.0964,1.09445,1.0959,0.00195,0.00165,0.0019,0.00165,0.0014,0.00025,10
1.0969,1.0974,1.0968,1.09705,0.0006,0.0006,0.0004,0.00055,0.00015,-0.00015,10
1.09705,1.09735,1.0967,1.09725,0.00065,0.00015,-5e-05,-0.0001,0.0002,5e-05,10
1.09725,1.09755,1.0971,1.09735,0.00045,0.0002,0.0002,0.0004,0.0001,-0.0002,10
1.09735,1.0976,1.0973,1.0976,0.0003,0.0001,5e-05,0.0002,0.00025,-0.00015,10
1.0976,1.09795,1.09755,1.09775,0.0004,0.00025,0.00035,0.00025,0.00015,0.0001,10
1.0993,1.0993,1.0992,1.0993,0.0001,0.0001,-0.0001,5e-05,0.0,-0.00015,25
1.0993,1.0994,1.0991,1.0992,0.0003,0.0,0.0001,-0.0001,-0.0001,0.0002,25
1.0992,1.09925,1.0989,1.0989,0.00035,-0.0001,-0.00015,-0.0002,-0.0003,5e-05,25
1.0989,1.09895,1.0987,1.09895,0.00025,-0.0003,-0.0003,-0.0002,5e-05,-0.0001,25
1.09895,1.09895,1.09865,1.0987,0.0003,5e-05,0.0,-5e-05,-0.00025,5e-05,25
1.0986,1.09905,1.09835,1.09845,0.0007,-0.00015,0.0,-0.00015,-0.00015,0.00015,25
1.09975,1.1004,1.0993,1.09935,0.0011,0.0003,0.0005,0.0001,-0.0004,0.0004,25
1.1002,1.10065,1.10005,1.1003,0.0006,0.00015,0.0003,0.00015,0.0001,0.00015,25
1.1003,1.1008,1.1003,1.1007,0.0005,0.0001,0.00015,0.00025,0.0004,-0.0001,25
1.09825,1.0984,1.09685,1.09695,0.00155,-0.0001,-0.0003,-0.0012,-0.0013,0.0009,25
1.09695,1.09785,1.0968,1.09775,0.00105,-0.0013,-0.00055,-5e-05,0.0008,-0.0005,25
1.09785,1.0985,1.0978,1.09815,0.0007,0.0001,0.00045,0.00045,0.0003,-0.0,25
1.09875,1.09885,1.0977,1.09775,0.00115,0.0006,-0.0001,5e-05,-0.001,-0.00015,25
1.09525,1.09565,1.09485,1.0954,0.0008,-0.0009,-0.0008,-0.0004,0.00015,-0.0004,25
1.0954,1.0957,1.09505,1.0954,0.00065,0.00015,5e-05,0.0002,0.0,-0.00015,25
1.0954,1.0957,1.0951,1.0955,0.0006,0.0,0.0,5e-05,0.0001,-5e-05,25
1.0955,1.0957,1.09535,1.09545,0.00035,0.0001,0.0,0.00025,-5e-05,-0.00025,25
1.09545,1.0955,1.095,1.0953,0.0005,-5e-05,-0.0002,-0.00035,-0.00015,0.00015,25
1.0953,1.09545,1.0951,1.09525,0.00035,-0.00015,-5e-05,0.0001,-5e-05,-0.00015,25
1.0933,1.09345,1.0929,1.0934,0.00055,0.0,5e-05,-0.00025,0.0001,0.0003,38
1.0934,1.09345,1.0929,1.0933,0.00055,0.0001,0.0,0.0,-0.0001,0.0,38
1.09305,1.09325,1.09275,1.09275,0.0005,-0.00025,-0.00015,-0.00025,-0.0003,0.0001,38
1.09305,1.09335,1.0929,1.09325,0.00045,0.0003,0.0001,0.00015,0.0002,-5e-05,38
1.09325,1.09335,1.09275,1.09295,0.0006,0.0002,0.0,-0.00015,-0.0003,0.00015,38
1.09215,1.09265,1.09205,1.0923,0.0006,-0.0005,0.0,-5e-05,0.00015,5e-05,38
1.0923,1.0926,1.092,1.09225,0.0006,0.00015,-5e-05,-5e-05,-5e-05,0.0,38
1.09225,1.09225,1.0876,1.08795,0.00465,-5e-05,-0.00035,-0.0044,-0.0043,0.00405,38
1.0867,1.08745,1.0865,1.0869,0.00095,-0.00125,-0.0005,0.0011,0.0002,-0.0016,38
1.0869,1.08745,1.0864,1.08665,0.00105,0.0002,0.0,-0.0001,-0.00025,0.0001,38
1.08665,1.0873,1.08605,1.08695,0.00125,-0.00025,-0.00015,-0.00035,0.0003,0.0002,38
1.08695,1.087,1.0859,1.08595,0.0011,0.0003,-0.0003,-0.00015,-0.001,-0.00015,38
1.08595,1.08645,1.08485,1.0849,0.0016,-0.001,-0.00055,-0.00105,-0.00105,0.0005,38
1.08625,1.0868,1.08625,1.0866,0.00055,0.00015,0.00035,0.0002,0.00035,0.00015,38
1.08745,1.08795,1.0872,1.0876,0.00075,0.0004,0.0002,0.00015,0.00015,5e-05,38
1.0876,1.0886,1.0876,1.0885,0.001,0.00015,0.00065,0.0004,0.0009,0.00025,38
1.0885,1.0896,1.0885,1.0894,0.0011,0.0009,0.001,0.0009,0.0009,0.0001,38
1.0894,1.08955,1.0885,1.08855,0.00105,0.0009,-5e-05,0.0,-0.00085,-5e-05,38
1.0892,1.09005,1.0891,1.08975,0.00095,0.00045,0.00075,0.0005,0.00055,0.00025,38
1.08975,1.08995,1.08915,1.08935,0.0008,0.00055,-0.0001,5e-05,-0.0004,-0.00015,38
1.08935,1.0903,1.08835,1.08835,0.00195,-0.0004,0.00035,-0.0008,-0.001,0.00115,38
1.08835,1.08985,1.0881,1.0892,0.00175,-0.001,-0.00045,-0.00025,0.00085,-0.0002,38
1.0892,1.08965,1.0886,1.0893,0.00105,0.00085,-0.0002,0.0005,0.0001,-0.0007,38
1.0893,1.08945,1.08835,1.0884,0.0011,0.0001,-0.0002,-0.00025,-0.0009,5e-05,38
1.0884,1.0885,1.0879,1.08825,0.0006,-0.0009,-0.00095,-0.00045,-0.00015,-0.0005,38
1.0884,1.0885,1.0879,1.08825,0.0006,-0.0009,-0.00095,-0.00045,-0.00015,-0.0005,38
1.08825,1.08865,1.08805,1.08815,0.0006,-0.00015,0.00015,0.00015,-0.0001,0.0,38
1.08825,1.08865,1.08805,1.08815,0.0006,-0.00015,0.00015,0.00015,-0.0001,0.0,38
1.08815,1.08865,1.0879,1.08815,0.00075,-0.0001,0.0,-0.00015,0.0,0.00015,38
1.08815,1.08865,1.0879,1.08815,0.00075,-0.0001,0.0,-0.00015,0.0,0.00015,38
1.08815,1.0892,1.08805,1.0892,0.00115,0.0,0.00055,0.00015,0.00105,0.0004,38
1.0892,1.08925,1.0886,1.0886,0.00065,0.00105,5e-05,0.00055,-0.0006,-0.0005,38
1.0886,1.0887,1.08825,1.0886,0.00045,-0.0006,-0.00055,-0.00035,0.0,-0.0002,38
1.0888,1.0889,1.08865,1.0888,0.00025,0.0002,-5e-05,0.0001,0.0,-0.00015,38
1.0888,1.089,1.08855,1.0886,0.00045,0.0,0.0001,-0.0001,-0.0002,0.0002,38
1.0894,1.08945,1.08905,1.0892,0.0004,0.0008,5e-05,0.00045,-0.0002,-0.0004,38
1.0892,1.08965,1.0892,1.08945,0.00045,-0.0002,0.0002,0.00015,0.00025,5e-05,38
1.08945,1.0896,1.08935,1.0895,0.00025,0.00025,-5e-05,0.00015,5e-05,-0.0002,38
1.0895,1.0895,1.0891,1.0893,0.0004,5e-05,-0.0001,-0.00025,-0.0002,0.00015,38
1.0893,1.08935,1.0892,1.0892,0.00015,-0.0002,-0.00015,0.0001,-0.0001,-0.00025,38
1.0906,1.09085,1.0905,1.09075,0.00035,5e-05,0.00015,0.0,0.00015,0.00015,40
1.0901,1.0903,1.09005,1.09025,0.00025,-0.0003,-0.0001,5e-05,0.00015,-0.00015,40
1.0901,1.0903,1.09005,1.09025,0.00025,-0.0003,-0.0001,5e-05,0.00015,-0.00015,40
1.09025,1.0906,1.0902,1.09055,0.0004,0.00015,0.0003,0.00015,0.0003,0.00015,40
1.09055,1.0908,1.09055,1.09065,0.00025,0.0003,0.0002,0.00035,0.0001,-0.00015,40
1.09065,1.091,1.0906,1.09095,0.0004,0.0001,0.0002,5e-05,0.0003,0.00015,40
1.0907,1.0911,1.09045,1.09075,0.00065,-0.00025,0.0001,-0.0001,5e-05,0.0002,40
1.09075,1.09075,1.0902,1.09025,0.00055,5e-05,-0.00035,-0.00025,-0.0005,-0.0001,40
1.09005,1.09065,1.09,1.0903,0.00065,-0.0002,0.00025,0.00025,0.00025,0.0,40
1.0903,1.09065,1.0902,1.09025,0.00045,0.00025,0.0,0.0002,-5e-05,-0.0002,40
1.08985,1.0906,1.0897,1.09025,0.0009,-0.0005,0.00015,0.00015,0.0004,-0.0,40
1.08985,1.0906,1.0897,1.09025,0.0009,-0.0005,0.00015,0.00015,0.0004,-0.0,40
1.0893,1.08945,1.08885,1.0893,0.0006,-0.00095,-0.0009,0.00015,0.0,-0.00105,40
1.0893,1.0893,1.08875,1.08885,0.00055,0.0,-0.00015,-0.0001,-0.00045,-5e-05,40
1.0893,1.0893,1.08875,1.08885,0.00055,0.0,-0.00015,-0.0001,-0.00045,-5e-05,40
1.08885,1.08935,1.0888,1.0892,0.00055,-0.00045,5e-05,5e-05,0.00035,0.0,40
1.08945,1.0897,1.08925,1.08955,0.00045,0.00025,0.0001,0.00015,0.0001,-5e-05,40
1.09055,1.0907,1.0904,1.09045,0.0003,-5e-05,0.0,0.0001,-0.0001,-0.0001,40
1.09055,1.0915,1.09045,1.09125,0.00105,-0.0001,0.0007,0.0001,0.0007,0.0006,40
1.09175,1.09195,1.0914,1.0917,0.00055,0.0005,0.00015,0.0003,-5e-05,-0.00015,40
1.09175,1.09195,1.09145,1.0919,0.0005,-0.00015,-5e-05,5e-05,0.00015,-0.0001,40
1.0919,1.092,1.09135,1.0914,0.00065,0.00015,5e-05,-0.0001,-0.0005,0.00015,40
1.0911,1.0913,1.0908,1.09125,0.0005,-0.0003,-0.00035,-0.0001,0.00015,-0.00025,40
1.09125,1.0916,1.09085,1.09095,0.00075,0.00015,0.0003,5e-05,-0.0003,0.00025,40
1.09095,1.09125,1.0908,1.091,0.00045,-0.0003,-0.00035,-5e-05,5e-05,-0.0003,40
1.09115,1.0915,1.09095,1.09135,0.00055,0.00035,0.00035,0.0004,0.0002,-5e-05,40
1.09115,1.0915,1.09095,1.09135,0.00055,0.00035,0.00035,0.0004,0.0002,-5e-05,40
1.09135,1.09155,1.0912,1.0915,0.00035,0.0002,5e-05,0.00025,0.00015,-0.0002,40
1.0908,1.0909,1.09025,1.09025,0.00065,-0.00015,-5e-05,-0.0004,-0.00055,0.00035,40
1.09025,1.09025,1.08995,1.09015,0.0003,-0.00055,-0.00065,-0.0003,-0.0001,-0.00035,40
1.09015,1.091,1.09015,1.0909,0.00085,-0.0001,0.00075,0.0002,0.00075,0.00055,40
1.0907,1.0913,1.09065,1.09125,0.00065,-0.0002,0.00035,0.0,0.00055,0.00035,40
1.0927,1.0928,1.0926,1.0928,0.0002,-0.0001,0.0,0.0,0.0001,0.0,31
1.09235,1.0927,1.0923,1.0926,0.0004,-0.0003,-5e-05,0.0,0.00025,-5e-05,31
1.09215,1.0924,1.09175,1.09175,0.00065,-0.00055,-0.0003,-0.00035,-0.0004,5e-05,31
1.09175,1.0925,1.0916,1.0924,0.0009,-0.0004,0.0001,-0.00015,0.00065,0.00025,31
1.0924,1.09275,1.0922,1.09265,0.00055,0.00065,0.00025,0.0006,0.00025,-0.00035,31
1.09265,1.0931,1.0925,1.09305,0.0006,0.00025,0.00035,0.0003,0.0004,5e-05,31
1.09365,1.09415,1.0936,1.09395,0.00055,0.0,0.0004,0.0005,0.0003,-0.0001,31
1.09395,1.0944,1.0937,1.09405,0.0007,0.0003,0.00025,0.0001,0.0001,0.00015,31
1.09405,1.0941,1.09365,1.09405,0.00045,0.0001,-0.0003,-5e-05,0.0,-0.00025,31
1.09405,1.0941,1.09345,1.09375,0.00065,0.0,0.0,-0.0002,-0.0003,0.0002,31
1.09375,1.09415,1.0936,1.09395,0.00055,-0.0003,5e-05,0.00015,0.0002,-0.0001,31
1.09305,1.0933,1.0926,1.093,0.0007,-0.0009,-0.0007,-0.0003,-5e-05,-0.0004,31
1.093,1.09385,1.09295,1.09345,0.0009,-5e-05,0.00055,0.00035,0.00045,0.0002,31
1.093,1.09385,1.09295,1.09345,0.0009,-5e-05,0.00055,0.00035,0.00045,0.0002,31
1.09345,1.0945,1.09345,1.0941,0.00105,0.00045,0.00065,0.0005,0.00065,0.00015,31
1.0941,1.0946,1.0941,1.09435,0.0005,0.00065,0.0001,0.00065,0.00025,-0.00055,31
1.09415,1.0947,1.09405,1.09465,0.00065,-0.0002,0.00035,0.0002,0.0005,0.00015,31
1.09465,1.0953,1.0946,1.09515,0.0007,0.0005,0.0006,0.00055,0.0005,5e-05,31
1.09515,1.09525,1.09475,1.09505,0.0005,0.0005,-5e-05,0.00015,-0.0001,-0.0002,31
1.09455,1.0947,1.0943,1.0944,0.0004,-0.0005,-0.00035,-0.0002,-0.00015,-0.00015,31
1.0944,1.09485,1.0943,1.09445,0.00055,-0.00015,0.00015,0.0,5e-05,0.00015,31
1.0944,1.09485,1.0943,1.09445,0.00055,-0.00015,0.00015,0.0,5e-05,0.00015,31
1.09445,1.0953,1.09445,1.0953,0.00085,5e-05,0.00045,0.00015,0.00085,0.0003,31
1.0965,1.0973,1.0965,1.0972,0.0008,-5e-05,0.0007,0.00035,0.0007,0.00035,31
1.09445,1.0961,1.09445,1.09595,0.00165,-0.00215,-0.00075,0.0002,0.0015,-0.00095,31
1.09595,1.0965,1.09485,1.09535,0.00165,0.0015,0.0004,0.0004,-0.0006,0.0,31
1.09535,1.09585,1.09475,1.0949,0.0011,-0.0006,-0.00065,-0.0001,-0.00045,-0.00055,31
1.0949,1.09515,1.0946,1.09485,0.00055,-0.00045,-0.0007,-0.00015,-5e-05,-0.00055,31
1.09605,1.09625,1.09575,1.096,0.0005,0.00055,-5e-05,0.0003,-5e-05,-0.00035,31
1.096,1.09655,1.0959,1.09645,0.00065,-5e-05,0.0003,0.00015,0.00045,0.00015,31
1.09645,1.09655,1.0961,1.0961,0.00045,0.00045,0.0,0.0002,-0.00035,-0.0002,31
1.09575,1.09615,1.09575,1.0959,0.0004,-0.00035,-5e-05,5e-05,0.00015,-0.0001,31
1.0959,1.09595,1.0955,1.09565,0.00045,0.00015,-0.0002,-0.00025,-0.00025,5e-05,31
1.09565,1.09605,1.09565,1.096,0.0004,-0.00025,0.0001,0.00015,0.00035,-5e-05,31
1.096,1.0962,1.09595,1.09605,0.00025,0.00035,0.00015,0.0003,5e-05,-0.00015,31
1.09605,1.0964,1.096,1.0962,0.0004,5e-05,0.0002,5e-05,0.00015,0.00015,31
1.0962,1.09625,1.09605,1.0961,0.0002,0.00015,-0.00015,5e-05,-0.0001,-0.0002,31
1.09535,1.09535,1.0949,1.09495,0.00045,0.00025,0.0,-0.0002,-0.0004,0.0002,29
1.095,1.0952,1.09475,1.0952,0.00045,0.00015,0.00015,5e-05,0.0002,0.0001,29
1.0952,1.0955,1.095,1.09525,0.0005,0.0002,0.0003,0.00025,5e-05,5e-05,29
1.09525,1.0954,1.0951,1.09535,0.0003,5e-05,-0.0001,0.0001,0.0001,-0.0002,29
1.09535,1.0955,1.09505,1.0951,0.00045,0.0001,0.0001,-5e-05,-0.00025,0.00015,29
1.0948,1.09515,1.09465,1.09495,0.0005,0.001,0.00025,0.00085,0.00015,-0.0006,29
1.09495,1.0954,1.09475,1.0954,0.00065,0.00015,0.00025,0.0001,0.00045,0.00015,29
1.0954,1.0957,1.09505,1.09525,0.00065,0.00045,0.0003,0.0003,-0.00015,0.0,29
1.09525,1.0957,1.0949,1.0957,0.0008,-0.00015,0.0,-0.00015,0.00045,0.00015,29
1.09515,1.09535,1.0945,1.09475,0.00085,0.00015,0.0,-0.0003,-0.0004,0.0003,29
1.09535,1.0961,1.09535,1.0959,0.00075,0.0006,0.00045,0.0008,0.00055,-0.00035,29
1.0959,1.09625,1.0955,1.09565,0.00075,0.00055,0.00015,0.00015,-0.00025,0.0,29
1.09565,1.09595,1.09535,1.09545,0.0006,-0.00025,-0.0003,-0.00015,-0.0002,-0.00015,29
1.09565,1.09595,1.09535,1.09545,0.0006,-0.00025,-0.0003,-0.00015,-0.0002,-0.00015,29
1.0928,1.09335,1.0924,1.0924,0.00095,5e-05,0.0,-0.0002,-0.0004,0.0002,29
1.0924,1.09345,1.0924,1.0934,0.00105,-0.0004,0.0001,0.0,0.001,0.0001,29
1.0934,1.09445,1.0927,1.09305,0.00175,0.001,0.001,0.0003,-0.00035,0.0007,29
1.09305,1.09445,1.0924,1.0935,0.00205,-0.00035,0.0,-0.0003,0.00045,0.0003,29
1.0935,1.0937,1.0915,1.09185,0.0022,0.00045,-0.00075,-0.0009,-0.00165,0.00015,29
1.0916,1.09175,1.08965,1.08985,0.0021,5e-05,-0.00025,-0.0018,-0.00175,0.00155,29
1.09145,1.09145,1.09065,1.09065,0.0008,5e-05,-0.00025,-0.0006,-0.0008,0.00035,29
1.09035,1.0912,1.0903,1.0912,0.0009,-0.0003,0.00035,0.0001,0.00085,0.00025,29
1.0912,1.09185,1.09105,1.09165,0.0008,0.00085,0.00065,0.00075,0.00045,-0.0001,29
1.09165,1.09165,1.09105,1.0911,0.0006,0.00045,-0.0002,0.0,-0.00055,-0.0002,29
1.0911,1.0914,1.091,1.0911,0.0004,-0.00055,-0.00025,-5e-05,0.0,-0.0002,29
1.0911,1.0914,1.091,1.0911,0.0004,-0.00055,-0.00025,-5e-05,0.0,-0.0002,29
1.09165,1.0917,1.0913,1.0916,0.0004,5e-05,-5e-05,-0.0002,-5e-05,0.00015,29
1.09205,1.0923,1.092,1.0921,0.0003,0.00055,0.00015,0.0005,5e-05,-0.00035,29
1.0892,1.08935,1.08905,1.0893,0.0003,-0.00025,-0.0001,0.0,0.0001,-0.0001,38
1.0893,1.08935,1.089,1.0891,0.00035,0.0001,0.0,-5e-05,-0.0002,5e-05,38
1.0891,1.08915,1.089,1.08905,0.00015,-0.0002,-0.0002,0.0,-5e-05,-0.0002,38
1.0888,1.08945,1.0886,1.0887,0.00085,0.0002,0.00055,0.0001,-0.0001,0.00045,38
1.08945,1.08985,1.0892,1.0896,0.00065,0.00075,0.0004,0.00075,0.00015,-0.00035,38
1.0896,1.0896,1.089,1.08925,0.0006,0.00015,-0.00025,-0.0002,-0.00035,-5e-05,38
1.09165,1.092,1.0913,1.09175,0.0007,0.0007,-0.0001,0.00045,0.0001,-0.00055,38
1.09165,1.092,1.0913,1.09175,0.0007,0.0007,-0.0001,0.00045,0.0001,-0.00055,38
1.09145,1.0916,1.09115,1.09145,0.00045,-0.0005,-0.00035,-0.00015,0.0,-0.0002,38
1.09155,1.09195,1.09135,1.0917,0.0006,5e-05,0.00025,5e-05,0.00015,0.0002,38
1.0935,1.094,1.0934,1.09385,0.0006,0.0001,0.00035,0.0002,0.00035,0.00015,38
1.09385,1.09415,1.09355,1.09365,0.0006,0.00035,0.00015,0.00015,-0.0002,0.0,38
1.08715,1.0875,1.08605,1.08615,0.00145,-0.0001,-0.0004,-0.001,-0.001,0.0006,38
1.0883,1.08915,1.0879,1.08895,0.00125,-0.00085,-5e-05,-0.0003,0.00065,0.00025,38
1.08895,1.0897,1.0885,1.08855,0.0012,0.00065,0.00055,0.0006,-0.0004,-5e-05,38
1.08855,1.08895,1.08835,1.08875,0.0006,-0.0004,-0.00075,-0.00015,0.0002,-0.0006,38
1.08875,1.08875,1.0879,1.08815,0.00085,0.0002,-0.0002,-0.00045,-0.0006,0.00025,38
1.08815,1.0886,1.08805,1.08805,0.00055,-0.0006,-0.00015,0.00015,-0.0001,-0.0003,38
1.08795,1.088,1.08765,1.0879,0.00035,-0.0001,-0.0004,-0.00025,-5e-05,-0.00015,38
1.0879,1.08795,1.0876,1.0876,0.00035,-5e-05,-5e-05,-5e-05,-0.0003,0.0,38
1.08725,1.0873,1.08695,1.0871,0.00035,0.0,-5e-05,-0.00015,-0.00015,0.0001,38
1.0871,1.08725,1.08695,1.0872,0.0003,-0.00015,-5e-05,0.0,0.0001,-5e-05,38
1.08725,1.0873,1.08685,1.087,0.00045,-5e-05,-0.0001,-0.00025,-0.00025,0.00015,1
1.087,1.0871,1.0868,1.087,0.0003,-0.00025,-0.0002,-5e-05,0.0,-0.00015,1
1.087,1.08715,1.0867,1.0869,0.00045,0.0,5e-05,-0.0001,-0.0001,0.00015,1
1.0869,1.0873,1.08685,1.08725,0.00045,-0.0001,0.00015,0.00015,0.00035,0.0,1
1.08725,1.08755,1.08715,1.0874,0.0004,0.00035,0.00025,0.0003,0.00015,-5e-05,1
1.08725,1.08755,1.08715,1.0874,0.0004,0.00035,0.00025,0.0003,0.00015,-5e-05,1
1.0874,1.08755,1.0868,1.08695,0.00075,0.00015,0.0,-0.00035,-0.00045,0.00035,1
1.08695,1.087,1.086,1.0864,0.001,-0.00045,-0.00055,-0.0008,-0.00055,0.00025,1
1.0864,1.0865,1.08565,1.0859,0.00085,-0.00055,-0.0005,-0.00035,-0.0005,-0.00015,1
1.0859,1.08665,1.0859,1.0864,0.00075,-0.0005,0.00015,0.00025,0.0005,-0.0001,1
1.0864,1.0865,1.08585,1.0864,0.00065,0.0005,-0.00015,-5e-05,0.0,-0.0001,1
1.0864,1.0866,1.08555,1.0863,0.00105,0.0,0.0001,-0.0003,-0.0001,0.0004,1
1.0863,1.08695,1.08605,1.0868,0.0009,-0.0001,0.00035,0.0005,0.0005,-0.00015,1
1.08515,1.0855,1.08415,1.0844,0.00135,-0.0005,-0.0002,-0.00085,-0.00075,0.00065,1
1.0841,1.08445,1.0839,1.0844,0.00055,0.0002,-5e-05,0.0003,0.0003,-0.00035,1
1.0846,1.0847,1.08425,1.0844,0.00045,-0.0001,-0.00025,-0.00025,-0.0002,-0.0,1
1.0844,1.0845,1.0841,1.08425,0.0004,-0.0002,-0.0002,-0.00015,-0.00015,-5e-05,1
1.08425,1.08475,1.0842,1.0847,0.00055,-0.00015,0.00025,0.0001,0.00045,0.00015,1
1.0847,1.0854,1.0846,1.08535,0.0008,0.00045,0.00065,0.0004,0.00065,0.00025,1
1.08535,1.0855,1.0849,1.0853,0.0006,0.00065,0.0001,0.0003,-5e-05,-0.0002,1
1.0853,1.08545,1.0849,1.0851,0.00055,-5e-05,-5e-05,0.0,-0.0002,-5e-05,1
1.0851,1.08555,1.08505,1.08535,0.0005,-0.0002,0.0001,0.00015,0.00025,-5e-05,1
1.08535,1.08595,1.08525,1.08535,0.0007,0.00025,0.0004,0.0002,0.0,0.0002,1
1.08535,1.0873,1.0853,1.08705,0.002,0.0,0.00135,5e-05,0.0017,0.0013,1
1.08705,1.08765,1.0868,1.0872,0.00085,0.0017,0.00035,0.0015,0.00015,-0.00115,1
1.0872,1.0894,1.0872,1.089,0.0022,0.00015,0.00175,0.0004,0.0018,0.00135,1
1.089,1.0898,1.0888,1.0897,0.001,0.0018,0.0004,0.0016,0.0007,-0.0012,1
1.0897,1.0905,1.08965,1.09045,0.00085,0.0007,0.0007,0.00085,0.00075,-0.00015,1
1.09045,1.091,1.09035,1.0907,0.00065,0.00075,0.0005,0.0007,0.00025,-0.0002,1
1.0907,1.0914,1.08965,1.09105,0.00175,0.00025,0.0004,-0.0007,0.00035,0.0011,1
1.09105,1.0917,1.0909,1.09145,0.0008,0.00035,0.0003,0.00125,0.0004,-0.00095,1
1.09145,1.0927,1.0913,1.09255,0.0014,0.0004,0.001,0.0004,0.0011,0.0006,1
1.09145,1.0927,1.0913,1.09255,0.0014,0.0004,0.001,0.0004,0.0011,0.0006,1
1.09255,1.0932,1.0922,1.0924,0.001,0.0011,0.0005,0.0009,-0.00015,-0.0004,1
1.09255,1.0932,1.0922,1.0924,0.001,0.0011,0.0005,0.0009,-0.00015,-0.0004,1
1.0924,1.09285,1.09145,1.0921,0.0014,-0.00015,-0.00035,-0.00075,-0.0003,0.0004,1
1.0921,1.0926,1.09085,1.09105,0.00175,-0.0003,-0.00025,-0.0006,-0.00105,0.00035,1
1.09155,1.09195,1.09115,1.0919,0.0008,0.00015,0.00035,5e-05,0.00035,0.0003,1
1.0919,1.09225,1.09135,1.09135,0.0009,0.00035,0.0003,0.0002,-0.00055,0.0001,1
1.09135,1.0918,1.0913,1.09135,0.0005,-0.00055,-0.00045,-5e-05,0.0,-0.0004,1
1.09135,1.09185,1.09135,1.09135,0.0005,0.0,5e-05,5e-05,0.0,0.0,1
1.09135,1.09185,1.0912,1.09185,0.00065,0.0,0.0,-0.00015,0.0005,0.00015,1
1.0912,1.0914,1.0911,1.0913,0.0003,0.00045,0.00015,0.0004,0.0001,-0.00025,1
1.0913,1.09145,1.09125,1.09145,0.0002,0.0001,5e-05,0.00015,0.00015,-0.0001,1
1.09145,1.09165,1.0913,1.0916,0.00035,0.00015,0.0002,5e-05,0.00015,0.00015,1
1.0916,1.09165,1.0914,1.09145,0.00025,0.00015,0.0,0.0001,-0.00015,-0.0001,1
1.0916,1.09165,1.0914,1.09145,0.00025,0.00015,0.0,0.0001,-0.00015,-0.0001,1
1.09145,1.09185,1.09145,1.09175,0.0004,-0.00015,0.0002,5e-05,0.0003,0.00015,1
1.09145,1.09185,1.09145,1.09175,0.0004,-0.00015,0.0002,5e-05,0.0003,0.00015,1
1.09175,1.09175,1.09155,1.09165,0.0002,0.0003,-0.0001,0.0001,-0.0001,-0.0002,1
1.09175,1.09175,1.09155,1.09165,0.0002,0.0003,-0.0001,0.0001,-0.0001,-0.0002,1
1.09165,1.0917,1.0914,1.0916,0.0003,-0.0001,-5e-05,-0.00015,-5e-05,0.0001,1
1.0916,1.09185,1.09145,1.09145,0.0004,-5e-05,0.00015,5e-05,-0.00015,0.0001,1
1.09145,1.09145,1.0903,1.09035,0.00115,-0.00015,-0.0004,-0.00115,-0.0011,0.00075,1
1.08945,1.08945,1.08885,1.0893,0.0006,-0.0009,-0.00125,-0.00045,-0.00015,-0.0008,1
1.0893,1.0893,1.0888,1.089,0.0005,-0.00015,-0.00015,-5e-05,-0.0003,-0.0001,1
1.089,1.0895,1.08895,1.08905,0.00055,-0.0003,0.0002,0.00015,5e-05,5e-05,1
1.08805,1.08805,1.087,1.0875,0.00105,0.0,-0.0003,-0.0008,-0.00055,0.0005,1
1.0875,1.0885,1.0873,1.08845,0.0012,-0.00055,0.00045,0.0003,0.00095,0.00015,1
1.08875,1.0889,1.0884,1.0887,0.0005,0.0003,5e-05,0.0002,-5e-05,-0.00015,1
1.0887,1.0889,1.08835,1.08865,0.00055,-5e-05,0.0,-5e-05,-5e-05,5e-05,1
1.08865,1.08915,1.08865,1.0889,0.0005,-5e-05,0.00025,0.0003,0.00025,-5e-05,1
1.0889,1.08905,1.0888,1.0888,0.00025,0.00025,-0.0001,0.00015,-0.0001,-0.00025,1
1.0889,1.08905,1.0888,1.0888,0.00025,0.00025,-0.0001,0.00015,-0.0001,-0.00025,1
1.0888,1.08885,1.0878,1.08785,0.00105,-0.0001,-0.0002,-0.001,-0.00095,0.0008,1
1.0888,1.08885,1.0878,1.08785,0.00105,-0.0001,-0.0002,-0.001,-0.00095,0.0008,1
1.08785,1.0892,1.0876,1.089,0.0016,-0.00095,0.00035,-0.0002,0.00115,0.00055,1
1.08865,1.08885,1.08845,1.08855,0.0004,-0.00035,-0.00045,0.0003,-0.0001,-0.00075,1
1.0896,1.0896,1.089,1.0892,0.0006,0.00105,0.0,0.00045,-0.0004,-0.00045,1
1.0892,1.09035,1.0887,1.09035,0.00165,-0.0004,0.00075,-0.0003,0.00115,0.00105,1
1.09035,1.0905,1.0895,1.0895,0.001,0.00115,0.00015,0.0008,-0.00085,-0.00065,1
1.0895,1.08985,1.0893,1.08975,0.00055,-0.00085,-0.00065,-0.0002,0.00025,-0.00045,1
1.08975,1.09,1.08925,1.0899,0.00075,0.00025,0.00015,-5e-05,0.00015,0.0002,1
1.0899,1.0902,1.08955,1.0897,0.00065,0.00015,0.0002,0.0003,-0.0002,-0.0001,1
1.0897,1.09035,1.0894,1.09005,0.00095,-0.0002,0.00015,-0.00015,0.00035,0.0003,1
1.09005,1.0907,1.0898,1.09055,0.0009,0.00035,0.00035,0.0004,0.0005,-5e-05,1
1.09055,1.09105,1.09055,1.0909,0.0005,0.0005,0.00035,0.00075,0.00035,-0.0004,1
1.0909,1.09115,1.09045,1.09075,0.0007,0.00035,0.0001,-0.0001,-0.00015,0.0002,1
1.09075,1.0915,1.0907,1.09135,0.0008,-0.00015,0.00035,0.00025,0.0006,0.0001,1
1.09075,1.0915,1.0907,1.09135,0.0008,-0.00015,0.00035,0.00025,0.0006,0.0001,1
1.09135,1.0917,1.09075,1.0912,0.00095,0.0006,0.0002,5e-05,-0.00015,0.00015,1
1.09135,1.0917,1.09075,1.0912,0.00095,0.0006,0.0002,5e-05,-0.00015,0.00015,1
1.0912,1.09205,1.09105,1.0914,0.001,-0.00015,0.00035,0.0003,0.0002,5e-05,1
1.0912,1.09205,1.09105,1.0914,0.001,-0.00015,0.00035,0.0003,0.0002,5e-05,1
1.0914,1.0934,1.0914,1.09175,0.002,0.0002,0.00135,0.00035,0.00035,0.001,1
1.09175,1.09175,1.09085,1.09095,0.0009,0.00035,-0.00165,-0.00055,-0.0008,-0.0011,1
1.09095,1.0911,1.0906,1.091,0.0005,-0.0008,-0.00065,-0.00025,5e-05,-0.0004,1
1.091,1.0914,1.09095,1.0914,0.00045,0.0003,0.0004,0.00075,0.0004,-0.00035,1
1.09185,1.0923,1.0918,1.0918,0.0005,0.00045,0.0004,0.00135,-5e-05,-0.00095,1
1.0918,1.09215,1.0915,1.09195,0.00065,-5e-05,-0.00015,-0.0003,0.00015,0.00015,1
1.09195,1.09195,1.09135,1.0917,0.0006,0.00015,-0.0002,-0.00015,-0.00025,-5e-05,1
1.09195,1.09195,1.09135,1.0917,0.0006,0.00015,-0.0002,-0.00015,-0.00025,-5e-05,1
1.0917,1.092,1.09145,1.09165,0.00055,-0.00025,5e-05,0.0001,-5e-05,-5e-05,1
1.0917,1.092,1.09145,1.09165,0.00055,-0.00025,5e-05,0.0001,-5e-05,-5e-05,1
1.09165,1.09195,1.09155,1.09155,0.0004,-5e-05,-5e-05,0.0001,-0.0001,-0.00015,1
1.09165,1.09195,1.09155,1.09155,0.0004,-5e-05,-5e-05,0.0001,-0.0001,-0.00015,1
1.09135,1.0916,1.0913,1.09145,0.0003,-0.0002,-5e-05,0.00015,0.0001,-0.0002,1
1.09085,1.0913,1.09085,1.0912,0.00045,-0.0004,0.0,0.0,0.00035,0.0,1
1.09075,1.09075,1.09045,1.09045,0.0003,0.00015,-0.0002,-0.0001,-0.0003,-0.0001,1
1.09045,1.0905,1.09035,1.0904,0.00015,-0.0003,-0.00025,-0.0001,-5e-05,-0.00015,1
1.09045,1.0905,1.09035,1.0904,0.00015,-0.0003,-0.00025,-0.0001,-5e-05,-0.00015,1
1.0904,1.09055,1.09035,1.09045,0.0002,-5e-05,5e-05,0.0,5e-05,5e-05,1
1.09045,1.09045,1.09025,1.09045,0.0002,5e-05,-0.0001,-0.0001,0.0,0.0,1
1.09045,1.09045,1.09005,1.09005,0.0004,0.0,0.0,-0.0002,-0.0004,0.0002,1
1.08985,1.08985,1.0894,1.0894,0.00045,-0.0002,-0.00025,-0.0004,-0.00045,0.00015,1
1.0894,1.0898,1.0894,1.0898,0.0004,-0.00045,-5e-05,0.0,0.0004,-5e-05,1
1.08955,1.0902,1.08955,1.0901,0.00065,-0.00025,0.00025,5e-05,0.00055,0.0002,1
1.0901,1.09075,1.09005,1.09075,0.0007,0.00055,0.00055,0.0005,0.00065,5e-05,1
1.09075,1.0913,1.09075,1.0911,0.00055,0.00065,0.00055,0.0007,0.00035,-0.00015,1
1.0911,1.0915,1.09085,1.0915,0.00065,0.00035,0.0002,0.0001,0.0004,0.0001,1
1.0915,1.0915,1.09085,1.09115,0.00065,0.0004,0.0,0.0,-0.00035,0.0,1
1.0915,1.0915,1.09085,1.09115,0.00065,0.0004,0.0,0.0,-0.00035,0.0,1
1.09115,1.0912,1.0908,1.09085,0.0004,-0.00035,-0.0003,-5e-05,-0.0003,-0.00025,1
1.09115,1.0912,1.0908,1.09085,0.0004,-0.00035,-0.0003,-5e-05,-0.0003,-0.00025,1
1.09085,1.09095,1.0896,1.0901,0.00135,-0.0003,-0.00025,-0.0012,-0.00075,0.00095,1
1.0903,1.09045,1.08975,1.09005,0.0007,0.0002,-0.0001,-5e-05,-0.00025,-5e-05,1
1.09005,1.09035,1.0898,1.0898,0.00055,-0.00025,-0.0001,5e-05,-0.00025,-0.00015,1
1.0895,1.0899,1.0892,1.08955,0.0007,-0.0003,-0.0004,-0.0002,5e-05,-0.0002,1
1.08955,1.0901,1.08945,1.09005,0.00065,5e-05,0.0002,0.00025,0.0005,-5e-05,1
1.09005,1.0903,1.08995,1.0902,0.00035,0.0005,0.0002,0.0005,0.00015,-0.0003,1
1.0902,1.0903,1.08985,1.09015,0.00045,0.00015,0.0,-0.0001,-5e-05,0.0001,1
1.09015,1.0902,1.08965,1.08985,0.00055,-5e-05,-0.0001,-0.0002,-0.0003,0.0001,1
1.08985,1.09005,1.08955,1.09,0.0005,-0.0003,-0.00015,-0.0001,0.00015,-5e-05,1
1.09,1.09015,1.08985,1.09,0.0003,0.00015,0.0001,0.0003,0.0,-0.0002,1
1.09,1.09015,1.08985,1.09,0.0003,0.00015,0.0001,0.0003,0.0,-0.0002,1
1.09,1.0904,1.09,1.09025,0.0004,0.0,0.00025,0.00015,0.00025,0.0001,1
1.09025,1.0904,1.08955,1.0896,0.00085,0.00025,0.0,-0.00045,-0.00065,0.00045,1
1.0896,1.0898,1.08905,1.0891,0.00075,-0.00065,-0.0006,-0.0005,-0.0005,-0.0001,1
1.0896,1.0898,1.08905,1.0891,0.00075,-0.00065,-0.0006,-0.0005,-0.0005,-0.0001,1
1.0896,1.09005,1.08955,1.09,0.0005,0.0005,0.0004,0.0006,0.0004,-0.0002,1
1.08985,1.09,1.08935,1.0899,0.00065,-0.00015,-0.0002,-0.00045,5e-05,0.00025,1
1.0899,1.09,1.0896,1.08985,0.0004,5e-05,0.0,0.00025,-5e-05,-0.00025,1
1.08985,1.08995,1.08965,1.08985,0.0003,-5e-05,-5e-05,5e-05,0.0,-0.0001,1
1.08985,1.0901,1.0898,1.09005,0.0003,0.0,0.00015,0.00015,0.0002,-0.0,1
1.08985,1.0901,1.0898,1.09005,0.0003,0.0,0.00015,0.00015,0.0002,-0.0,1
1.09005,1.0901,1.0896,1.08985,0.0005,0.0002,0.0,-0.0002,-0.0002,0.0002,1
1.08995,1.0901,1.08975,1.08985,0.00035,0.0001,5e-05,0.0,-0.0001,5e-05,1
1.08985,1.09005,1.08965,1.09,0.0004,-0.0001,-5e-05,-0.0001,0.00015,5e-05,1
1.09,1.09025,1.0899,1.0902,0.00035,0.00015,0.0002,0.00025,0.0002,-5e-05,1
1.09005,1.0903,1.08985,1.0902,0.00045,-0.00055,-0.00045,0.0,0.00015,-0.00045,1
1.09,1.09005,1.08965,1.09,0.0004,-0.00015,-0.0001,-0.0001,0.0,0.0,1
1.09,1.09015,1.0899,1.0901,0.00025,0.0,0.0001,0.00025,0.0001,-0.00015,1
1.08925,1.0896,1.08925,1.08945,0.00035,-0.0001,5e-05,5e-05,0.0002,0.0,1
1.08945,1.0897,1.08935,1.0897,0.00035,0.0002,0.0001,0.0001,0.00025,0.0,1
1.0894,1.0896,1.08935,1.0895,0.00025,-0.0001,5e-05,5e-05,0.0001,0.0,1
1.0895,1.0896,1.08945,1.0895,0.00015,0.0001,0.0,0.0001,0.0,-0.0001,1
1.0876,1.0876,1.0868,1.0869,0.0008,-0.0001,-0.0001,-0.0007,-0.0007,0.0006,4
1.0878,1.0884,1.08775,1.08815,0.00065,0.0004,0.0006,0.0004,0.00035,0.0002,4
1.08815,1.08845,1.08775,1.088,0.0007,0.00035,5e-05,0.0,-0.00015,5e-05,4
1.088,1.08805,1.0873,1.08745,0.00075,-0.00015,-0.0004,-0.00045,-0.00055,5e-05,4
1.08745,1.0882,1.08715,1.0881,0.00105,-0.00055,0.00015,-0.00015,0.00065,0.0003,4
1.08825,1.09035,1.08825,1.0902,0.0021,0.00015,0.00145,0.00015,0.00195,0.0013,4
1.0902,1.0908,1.0898,1.08995,0.001,0.00195,0.00045,0.00155,-0.00025,-0.0011,4
1.08995,1.0902,1.08955,1.0897,0.00065,-0.00025,-0.0006,-0.00025,-0.00025,-0.00035,4
1.08995,1.0902,1.08955,1.0897,0.00065,-0.00025,-0.0006,-0.00025,-0.00025,-0.00035,4
1.0897,1.0897,1.08855,1.0887,0.00115,-0.00025,-0.0005,-0.001,-0.001,0.0005,4
1.0897,1.0897,1.08855,1.0887,0.00115,-0.00025,-0.0005,-0.001,-0.001,0.0005,4
1.0887,1.0887,1.08665,1.0877,0.00205,-0.001,-0.001,-0.0019,-0.001,0.0009,4
1.0877,1.08845,1.08745,1.0881,0.001,-0.001,-0.00025,0.0008,0.0004,-0.00105,4
1.0888,1.0893,1.0881,1.0881,0.0012,-0.00045,-0.0001,-0.00065,-0.0007,0.00055,4
1.0881,1.08915,1.08755,1.08895,0.0016,-0.0007,-0.00015,-0.00055,0.00085,0.0004,4
1.0881,1.08915,1.08755,1.08895,0.0016,-0.0007,-0.00015,-0.00055,0.00085,0.0004,4
1.08895,1.0895,1.0887,1.08935,0.0008,0.00085,0.00035,0.00115,0.0004,-0.0008,4
1.08895,1.0895,1.0887,1.08935,0.0008,0.00085,0.00035,0.00115,0.0004,-0.0008,4
1.08935,1.0896,1.08895,1.08945,0.00065,0.0004,0.0001,0.00025,0.0001,-0.00015,4
1.08935,1.0896,1.08895,1.08945,0.00065,0.0004,0.0001,0.00025,0.0001,-0.00015,4
1.08945,1.0895,1.08855,1.08875,0.00095,0.0001,-0.0001,-0.0004,-0.0007,0.0003,4
1.08875,1.089,1.0884,1.0885,0.0006,-0.0007,-0.0005,-0.00015,-0.00025,-0.00035,4
1.08875,1.089,1.0884,1.0885,0.0006,-0.0007,-0.0005,-0.00015,-0.00025,-0.00035,4
1.0885,1.0888,1.08815,1.0883,0.00065,-0.00025,-0.0002,-0.00025,-0.0002,5e-05,4
1.0883,1.0883,1.08775,1.0878,0.00055,-0.0002,-0.0005,-0.0004,-0.0005,-0.0001,4
1.0878,1.08815,1.0878,1.08795,0.00035,-0.0005,-0.00015,5e-05,0.00015,-0.0002,4
1.0882,1.08825,1.0879,1.08795,0.00035,0.0002,0.0,0.00035,-0.00025,-0.00035,4
1.08795,1.08805,1.08755,1.0879,0.0005,-0.00025,-0.0002,-0.00035,-5e-05,0.00015,4
1.0879,1.0889,1.0879,1.08875,0.001,-5e-05,0.00085,0.00035,0.00085,0.0005,4
1.08875,1.0899,1.08865,1.08985,0.00125,0.00085,0.001,0.00075,0.0011,0.00025,4
1.08985,1.0902,1.08925,1.08945,0.00095,0.0011,0.0003,0.0006,-0.0004,-0.0003,4
1.08945,1.09,1.08925,1.08965,0.00075,-0.0004,-0.0002,0.0,0.0002,-0.0002,4
1.08965,1.09015,1.08955,1.08955,0.0006,0.0002,0.00015,0.0003,-0.0001,-0.00015,4
1.08965,1.09015,1.08955,1.08955,0.0006,0.0002,0.00015,0.0003,-0.0001,-0.00015,4
1.08955,1.08995,1.08905,1.08905,0.0009,-0.0001,-0.0002,-0.0005,-0.0005,0.0003,4
1.08955,1.08995,1.08905,1.08905,0.0009,-0.0001,-0.0002,-0.0005,-0.0005,0.0003,4
1.08905,1.0894,1.08855,1.0892,0.00085,-0.0005,-0.00055,-0.0005,0.00015,-5e-05,4
1.0892,1.08955,1.0882,1.0886,0.00135,0.00015,0.00015,-0.00035,-0.0006,0.0005,4
1.0886,1.0891,1.0878,1.08805,0.0013,-0.0006,-0.00045,-0.0004,-0.00055,-5e-05,4
1.08805,1.0883,1.08705,1.0873,0.00125,-0.00055,-0.0008,-0.00075,-0.00075,-5e-05,4
1.0873,1.08745,1.0867,1.0874,0.00075,-0.00075,-0.00085,-0.00035,0.0001,-0.0005,4
1.0874,1.0875,1.0868,1.0874,0.0007,0.0001,5e-05,0.0001,0.0,-5e-05,4
1.0874,1.08765,1.0865,1.08665,0.00115,0.0,-0.0001,-0.00075,-0.00075,0.00065,4
1.08665,1.08695,1.0865,1.08675,0.00045,-0.00075,-0.0007,0.0,0.0001,-0.0007,4
1.08675,1.08675,1.0861,1.08625,0.00065,0.0001,-0.0002,-0.0004,-0.0005,0.0002,4
1.08675,1.08675,1.0861,1.08625,0.00065,0.0001,-0.0002,-0.0004,-0.0005,0.0002,4
1.08625,1.08655,1.08605,1.0864,0.0005,-0.0005,-0.0002,-5e-05,0.00015,-0.00015,4
1.0863,1.0865,1.0859,1.0861,0.0006,-0.0001,0.0,-0.0003,-0.0002,0.0003,4
1.0861,1.0863,1.0859,1.0862,0.0004,-0.0002,-0.0002,0.0,0.0001,-0.0002,4
1.0862,1.0864,1.08595,1.086,0.00045,0.0001,0.0001,5e-05,-0.0002,5e-05,4
1.086,1.0861,1.08585,1.0859,0.00025,-0.0002,-0.0003,-0.0001,-0.0001,-0.0002,4
1.086,1.0861,1.08585,1.0859,0.00025,-0.0002,-0.0003,-0.0001,-0.0001,-0.0002,4
1.0859,1.08605,1.08585,1.086,0.0002,-0.0001,-5e-05,0.0,0.0001,-5e-05,4
1.0859,1.08605,1.08585,1.086,0.0002,-0.0001,-5e-05,0.0,0.0001,-5e-05,4
1.086,1.08655,1.08595,1.08605,0.0006,0.0001,0.0005,0.0001,5e-05,0.0004,4
1.08605,1.08605,1.0853,1.08545,0.00075,5e-05,-0.0005,-0.00065,-0.0006,0.00015,4
1.0853,1.0866,1.0852,1.0864,0.0014,0.0,0.0013,0.00065,0.0011,0.00065,40
1.0864,1.0869,1.086,1.08675,0.0009,0.0011,0.0003,0.0008,0.00035,-0.0005,40
1.08695,1.08885,1.0869,1.0887,0.00195,0.0008,0.0019,0.00075,0.00175,0.00115,40
1.0887,1.089,1.08835,1.0886,0.00065,0.00175,0.00015,0.00145,-0.0001,-0.0013,40
1.08945,1.0898,1.089,1.0896,0.0008,0.0007,0.0003,0.00065,0.00015,-0.00035,40
1.08955,1.09005,1.0891,1.0897,0.00095,-5e-05,0.0003,-5e-05,0.00015,0.00035,40
1.08695,1.08765,1.0865,1.0874,0.00115,-0.001,-0.0005,0.00065,0.00045,-0.00115,40
1.0874,1.0885,1.0867,1.087,0.0018,0.00045,0.00085,0.0002,-0.0004,0.00065,40
1.0874,1.0885,1.0867,1.087,0.0018,0.00045,0.00085,0.0002,-0.0004,0.00065,40
1.087,1.0888,1.087,1.0886,0.0018,-0.0004,0.0003,0.0003,0.0016,-0.0,40
1.08765,1.0886,1.0869,1.0884,0.0017,-0.00095,-0.0002,-0.00065,0.00075,0.00045,40
1.0845,1.08475,1.08335,1.084,0.0014,-0.0011,-0.0013,-0.00085,-0.0005,-0.00045,40
1.084,1.08745,1.0838,1.0868,0.00365,-0.0005,0.0027,0.00045,0.0028,0.00225,40
1.084,1.08745,1.0838,1.0868,0.00365,-0.0005,0.0027,0.00045,0.0028,0.00225,40
1.0868,1.08705,1.08635,1.0867,0.0007,0.0028,-0.0004,0.00255,-0.0001,-0.00295,40
1.0867,1.08695,1.0859,1.08605,0.00105,-0.0001,-0.0001,-0.00045,-0.00065,0.00035,40
1.08605,1.08785,1.08585,1.0869,0.002,-0.00065,0.0009,-5e-05,0.00085,0.00095,40
1.0869,1.08735,1.0865,1.08725,0.00085,0.00085,-0.0005,0.00065,0.00035,-0.00115,40
1.08725,1.0886,1.08725,1.08775,0.00135,0.00035,0.00125,0.00075,0.0005,0.0005,40
1.08775,1.08785,1.0871,1.08715,0.00075,0.0005,-0.00075,-0.00015,-0.0006,-0.0006,40
1.08725,1.0877,1.08725,1.08765,0.00045,-0.0002,0.0,0.00015,0.0004,-0.00015,40
1.08765,1.08805,1.0876,1.08795,0.00045,0.0004,0.00035,0.00035,0.0003,0.0,40
1.08795,1.08825,1.08765,1.0879,0.0006,0.0003,0.0002,5e-05,-5e-05,0.00015,40
1.08785,1.08805,1.08775,1.0878,0.0003,-0.00035,-0.00025,-0.0001,-5e-05,-0.00015,40
1.08785,1.08805,1.08775,1.0878,0.0003,-0.00035,-0.00025,-0.0001,-5e-05,-0.00015,40
1.0887,1.0889,1.08865,1.0888,0.00025,-0.00035,-0.00015,-5e-05,0.0001,-0.0001,24
1.0888,1.08885,1.08855,1.08885,0.0003,0.0001,-5e-05,-0.0001,5e-05,5e-05,24
1.08885,1.08925,1.08885,1.08925,0.0004,5e-05,0.0004,0.0003,0.0004,0.0001,24
1.08925,1.0895,1.08915,1.08945,0.00035,0.0004,0.00025,0.0003,0.0002,-5e-05,24
1.08945,1.08955,1.0891,1.0891,0.00045,0.0002,5e-05,-5e-05,-0.00035,0.0001,24
1.0891,1.08965,1.08905,1.0895,0.0006,-0.00035,0.0001,-5e-05,0.0004,0.00015,24
1.0895,1.08955,1.0892,1.08925,0.00035,0.0004,-0.0001,0.00015,-0.00025,-0.00025,24
1.08925,1.08935,1.0891,1.08925,0.00025,-0.00025,-0.0002,-0.0001,0.0,-0.0001,24
1.08925,1.0894,1.08865,1.08875,0.00075,0.0,5e-05,-0.00045,-0.0005,0.0005,24
1.08875,1.09005,1.0887,1.08975,0.00135,-0.0005,0.00065,5e-05,0.001,0.0006,24
1.0892,1.0895,1.08915,1.0893,0.00035,-0.00055,-0.0003,0.0001,0.0001,-0.0004,24
1.0893,1.08935,1.0881,1.0883,0.00125,0.0001,-0.00015,-0.00105,-0.001,0.0009,24
1.0883,1.0891,1.08795,1.08855,0.00115,-0.001,-0.00025,-0.00015,0.00025,-0.0001,24
1.08855,1.0889,1.08775,1.08815,0.00115,0.00025,-0.0002,-0.0002,-0.0004,0.0,24
1.08815,1.0888,1.08805,1.0882,0.00075,-0.0004,-0.0001,0.0003,5e-05,-0.0004,24
1.0882,1.08845,1.08715,1.0876,0.0013,5e-05,-0.00035,-0.0009,-0.0006,0.00055,24
1.0876,1.0876,1.08675,1.08715,0.00085,-0.0006,-0.00085,-0.0004,-0.00045,-0.00045,24
1.08715,1.0881,1.0867,1.0878,0.0014,-0.00045,0.0005,-5e-05,0.00065,0.00055,24
1.0878,1.0881,1.0876,1.0876,0.0005,0.00065,0.0,0.0009,-0.0002,-0.0009,24
1.0876,1.088,1.08735,1.0878,0.00065,-0.0002,-0.0001,-0.00025,0.0002,0.00015,24
1.0878,1.0885,1.0878,1.08815,0.0007,0.0002,0.0005,0.00045,0.00035,5e-05,24
1.08815,1.0882,1.0873,1.0874,0.0009,0.00035,-0.0003,-0.0005,-0.00075,0.0002,24
1.08805,1.08825,1.08785,1.08815,0.0004,-0.00045,-0.00055,-0.0001,0.0001,-0.00045,24
1.08815,1.0883,1.0878,1.0883,0.0005,0.0001,5e-05,-5e-05,0.00015,0.0001,24
1.0883,1.08965,1.08825,1.08945,0.0014,0.00015,0.00135,0.00045,0.00115,0.0009,24
1.08945,1.08955,1.0891,1.08925,0.00045,0.00115,-0.0001,0.00085,-0.0002,-0.00095,24
1.08925,1.08935,1.0889,1.08915,0.00045,-0.0002,-0.0002,-0.0002,-0.0001,0.0,24
1.09105,1.0925,1.0904,1.09115,0.0021,0.0016,-0.00065,0.0014,0.0001,-0.00205,24
1.09115,1.0913,1.08955,1.09085,0.00175,0.0001,-0.0012,-0.00085,-0.0003,-0.00035,24
1.09085,1.09135,1.09045,1.0908,0.0009,-0.0003,5e-05,0.0009,-5e-05,-0.00085,24
1.0908,1.0917,1.0905,1.09125,0.0012,-5e-05,0.00035,5e-05,0.00045,0.0003,24
1.09295,1.09485,1.0928,1.0948,0.00205,0.001,0.00185,0.00115,0.00185,0.0007,24
1.0948,1.0954,1.0943,1.0949,0.0011,0.00185,0.00055,0.0015,0.0001,-0.00095,24
1.0949,1.09525,1.09445,1.09495,0.0008,0.0001,-0.00015,0.00015,5e-05,-0.0003,24
1.09495,1.0952,1.09465,1.0949,0.00055,5e-05,-5e-05,0.0002,-5e-05,-0.00025,24
1.0967,1.09685,1.0965,1.09675,0.00035,0.0004,5e-05,0.0002,5e-05,-0.00015,24
1.09675,1.09695,1.09655,1.09695,0.0004,5e-05,0.0001,5e-05,0.0002,5e-05,24
1.09675,1.09695,1.09655,1.09695,0.0004,5e-05,0.0001,5e-05,0.0002,5e-05,24
